{"version":2,"count":2983133,"means":{"mins":[-5.078238800254395,-4.773973685577164,-3.965003813304418],"maxs":[5.300198987522441,2.5262670582973876,4.145438630095242],"files":["means_l.webp","means_u.webp"]},"scales":{"codebook":[-11.786127090454102,-11.431985855102539,-11.070146560668945,-10.857148170471191,-10.36443042755127,-10.164263725280762,-10.081191062927246,-9.85118293762207,-9.576349258422852,-9.503264427185059,-9.478216171264648,-9.357455253601074,-9.298206329345703,-9.252360343933105,-9.203450202941895,-9.142728805541992,-9.080039978027344,-9.029219627380371,-8.96651840209961,-8.915715217590332,-8.85519790649414,-8.789787292480469,-8.731474876403809,-8.673734664916992,-8.614334106445312,-8.561223983764648,-8.510376930236816,-8.46090030670166,-8.411576271057129,-8.362713813781738,-8.312813758850098,-8.261805534362793,-8.208879470825195,-8.154682159423828,-8.099536895751953,-8.043780326843262,-7.987270355224609,-7.931975841522217,-7.880635738372803,-7.8323259353637695,-7.786028861999512,-7.742035865783691,-7.701385974884033,-7.662433624267578,-7.623337745666504,-7.5816264152526855,-7.536232948303223,-7.488457679748535,-7.438744068145752,-7.386695384979248,-7.332326412200928,-7.278234958648682,-7.22576379776001,-7.175550937652588,-7.128010272979736,-7.082339763641357,-7.036835193634033,-6.989287376403809,-6.9389729499816895,-6.886526584625244,-6.833074569702148,-6.781148433685303,-6.7314958572387695,-6.685282230377197,-6.642060279846191,-6.601151943206787,-6.5610809326171875,-6.521366596221924,-6.48124885559082,-6.440467357635498,-6.398906707763672,-6.356700420379639,-6.313980579376221,-6.270610809326172,-6.227442741394043,-6.185811996459961,-6.148228168487549,-6.116267204284668,-6.089558124542236,-6.066216945648193,-6.043912410736084,-6.020450115203857,-5.994379997253418,-5.9640631675720215,-5.92803430557251,-5.886086463928223,-5.8388671875,-5.788304328918457,-5.736899375915527,-5.6868181228637695,-5.639301300048828,-5.593692302703857,-5.548900127410889,-5.5024943351745605,-5.453770637512207,-5.402421474456787,-5.349201679229736,-5.295631408691406,-5.243224620819092,-5.193710803985596,-5.148497581481934,-5.107996463775635,-5.071401119232178,-5.037170886993408,-5.003389835357666,-4.9682159423828125,-4.9308929443359375,-4.891411304473877,-4.8504462242126465,-4.809591770172119,-4.7701873779296875,-4.732950210571289,-4.697057723999023,-4.661162853240967,-4.624429225921631,-4.587604999542236,-4.5526885986328125,-4.521732807159424,-4.496110916137695,-4.475252628326416,-4.457180500030518,-4.439426898956299,-4.419435977935791,-4.395846366882324,-4.368528366088867,-4.338478088378906,-4.307438373565674,-4.2766218185424805,-4.245708465576172,-4.212911605834961,-4.1766462326049805,-4.1371965408325195,-4.097068786621094,-4.058965682983398,-4.024077415466309,-3.9919774532318115,-3.9605331420898438,-3.9272990226745605,-3.8910024166107178,-3.8509745597839355,-3.808042049407959,-3.7637038230895996,-3.7194671630859375,-3.6754372119903564,-3.630317211151123,-3.583306312561035,-3.5342533588409424,-3.4847168922424316,-3.4363691806793213,-3.390428304672241,-3.346710681915283,-3.3044652938842773,-3.2631959915161133,-3.2218475341796875,-3.179893732070923,-3.135687828063965,-3.088404655456543,-3.037977933883667,-2.9851508140563965,-2.931187391281128,-2.8765013217926025,-2.8222997188568115,-2.768317461013794,-2.716520071029663,-2.667340040206909,-2.6212384700775146,-2.5769524574279785,-2.5333821773529053,-2.4897937774658203,-2.446845293045044,-2.40459942817688,-2.3632864952087402,-2.3224599361419678,-2.281247615814209,-2.239448308944702,-2.1961536407470703,-2.150327682495117,-2.1015396118164062,-2.050351858139038,-1.9967865943908691,-1.9425088167190552,-1.88778817653656,-1.832388997077942,-1.777278184890747,-1.721952199935913,-1.6666843891143799,-1.6124087572097778,-1.5577064752578735,-1.5033038854599,-1.4482091665267944,-1.3934279680252075,-1.3386142253875732,-1.2834395170211792,-1.2284533977508545,-1.173303484916687,-1.1181753873825073,-1.063065528869629,-1.008885383605957,-0.9535447359085083,-0.8988735675811768,-0.8436254858970642,-0.7891506552696228,-0.7350160479545593,-0.6789222359657288,-0.6234226226806641,-0.5678808689117432,-0.5128766298294067,-0.4579524099826813,-0.4027107357978821,-0.3486752510070801,-0.29411596059799194,-0.23962776362895966,-0.18448100984096527,-0.12862510979175568,-0.07344573736190796,-0.018652798607945442,0.03487127646803856,0.0891387015581131,0.1442646086215973,0.19873327016830444,0.2545812427997589,0.30954715609550476,0.36611056327819824,0.4206567406654358,0.47272518277168274,0.5250678658485413,0.579240620136261,0.6325384378433228,0.6875699162483215,0.7470210194587708,0.8052124977111816,0.8587131500244141,0.9121084213256836,0.9721816778182983,1.0242842435836792,1.0818718671798706,1.127589225769043,1.1867737770080566,1.2454273700714111,1.3046103715896606,1.3559142351150513,1.4079481363296509,1.4556344747543335,1.5167391300201416,1.5795708894729614,1.6368205547332764,1.6865184307098389,1.7323501110076904,1.7901604175567627,1.8446851968765259,1.9178951978683472,1.9791481494903564,2.005342483520508,2.0625367164611816,2.1217875480651855,2.2411341667175293],"files":["scales.webp"]},"quats":{"files":["quats.webp"]},